{
  "description": "Grapple Impulse Preset 1",
  "supported_items": "minecraft:brick",
  "weight": 1,
  "max_level": 100,
  "min_cost": {
    "base": 0,
    "per_level_above_first": 0
  },
  "max_cost": {
    "base": 0,
    "per_level_above_first": 0
  },
  "anvil_cost": 0,
  "slots": [
    "saddle"
  ],
  "effects": {
    "minecraft:tick": [
      {
        "effect": {
          "type": "minecraft:apply_impulse",
          "direction": [
            0,
            0,
            1
          ],
          "coordinate_scale": [
            1,
            1,
            1
          ],
          "magnitude": {
            "type": "minecraft:linear",
            "base": 1,
            "per_level_above_first": 0.2
          }
        }
      },
      {
        "effect": {
          "type": "minecraft:run_function",
          "function": "kinetic_grapple:saddle_clear"
        }
      }
    ]
  }
}